server,target_clients,trials_available,trials_used,connection_success_rate,request_success_rate,throughput_rps,median_latency_ms,p95_latency_ms,p99_latency_ms,peak_cpu_percent,peak_rss_mib,peak_vms_mib,peak_threads,peak_handles
sequential,10,3,3,100.0,100.0,1603.3606456108657,2.430849999655038,3.687500022351742,3.687500022351742,0.0,10.457,5.727,4.0,70.0
sequential,50,3,3,100.0,100.0,1793.7927657077437,8.566999982576817,19.59450007416308,19.75550001952797,0.0,10.508,5.734,4.0,70.0
sequential,100,3,3,100.0,100.0,1627.0189267628296,33.311599981971085,41.44790000282228,41.803999920375645,0.0,10.59,5.75,4.0,70.0
threaded,10,3,3,100.0,100.0,1387.5783896088421,3.0017500394023955,4.353199969045818,4.353199969045818,0.0,11.152,7.355,14.0,109.0
threaded,50,3,3,100.0,100.0,911.5155387438693,26.478150044567883,31.43530001398176,32.048000022768974,9.1,12.488,9.621,54.0,269.0
threaded,100,3,3,100.0,100.0,1017.8479639204726,39.12159998435527,65.60820003505796,68.98480001837015,12.6,14.234,12.629,104.0,469.0
thread_pool,10,3,3,100.0,100.0,1250.0156205120422,2.4147499934770167,3.396300016902387,3.396300016902387,3.0,15.672,11.312,7.0,88.0
thread_pool,50,3,3,100.0,100.0,1595.7260105762405,14.611899969168007,18.933100043796003,19.382799975574017,3.1,15.734,11.441,7.0,128.0
thread_pool,100,3,3,100.0,100.0,1247.6948849577266,30.6175000150688,48.4050998929888,50.59329990763217,8.5,15.535,11.039,7.0,178.0
selector,10,3,3,100.0,100.0,385.7027683225499,11.834949953481555,18.475100048817694,18.475100048817694,0.0,11.359,7.27,4.0,79.0
selector,50,3,3,100.0,100.0,1248.1652001853831,15.44290001038462,16.882299911230803,16.957800020463765,3.0,11.625,7.391,4.0,119.0
selector,100,3,3,100.0,100.0,1473.6460495478264,24.834000039845705,26.38880000449717,26.686200057156384,3.1,11.43,7.32,4.0,169.0
asyncio,10,4,3,100.0,100.0,956.0503631577723,3.806399996392429,5.993200000375509,5.993200000375509,3.0,20.848,15.121,5.0,98.0
asyncio,50,5,3,100.0,100.0,1278.8639585406002,14.179949997924268,20.71579999756068,20.990399993024766,12.5,23.68,17.793,5.0,138.0
asyncio,100,5,3,100.0,100.0,1554.2551611756148,23.858100059442222,38.76159992069006,40.82380002364516,18.5,26.945,20.848,5.0,188.0
