timestamp,server,target_clients,successful_connections,connection_success_rate,successful_requests,request_success_rate,throughput_rps,median_latency_ms,p95_latency_ms,p99_latency_ms,min_latency_ms,max_latency_ms,peak_cpu_percent,peak_rss_mib,peak_vms_mib,peak_threads,peak_handles
20260920_114329,asyncio,10,10,100.0,10,100.0,1811.3316870684125,2.361849998123944,2.9227999038994312,2.9227999038994312,1.7621000297367573,2.9227999038994312,3.0,20.73,15.043,5,98
20260920_115745,asyncio,25,25,100.0,25,100.0,640.3262064498792,11.539899976924062,16.93060004618019,22.06270000897348,6.045899935998023,22.06270000897348,6.1,21.832,16.066,5,113
20260920_120426,asyncio,50,50,100.0,50,100.0,1426.1469826297064,8.641049964353442,16.69319998472929,16.834600013680756,6.169699947349727,16.834600013680756,6.1,23.516,17.66,5,138
20260920_120854,asyncio,100,100,100.0,100,100.0,886.1147594651126,45.06049997871742,55.24050001986325,56.128500029444695,31.601800001226366,57.466299971565604,15.5,26.711,20.523,5,188
20260920_121212,asyncio,50,50,100.0,50,100.0,1446.198525597626,8.644150046166033,17.34519994352013,17.412399989552796,6.177100003696978,17.412399989552796,12.0,23.586,17.699,4,138
20260920_121227,asyncio,50,50,100.0,50,100.0,1278.8639585406002,14.930249890312552,20.71579999756068,20.990399993024766,11.13580004312098,20.990399993024766,12.5,23.699,17.844,5,138
20260920_121245,asyncio,100,100,100.0,100,100.0,1506.9137187543447,24.998300010338426,35.75999999884516,36.12040006555617,18.909199978224933,36.3257999997586,12.4,27.156,21.043,5,188
20260920_121304,asyncio,100,100,100.0,100,100.0,893.4091428485252,31.74629993736744,38.76159992069006,40.82380002364516,19.893900025635958,41.512600029818714,21.3,26.945,20.848,5,188
20260920_121502,asyncio,75,75,100.0,75,100.0,1507.643754470268,14.173400006256998,33.26819988433272,33.39650004636496,11.713800020515919,33.39650004636496,15.2,25.266,19.328,5,163
20260920_121513,asyncio,75,75,100.0,75,100.0,1591.0932713683176,16.50949998293072,29.77320004720241,29.81869992800057,13.058000011369586,29.81869992800057,17.8,25.355,19.328,5,163
20260920_121524,asyncio,75,75,100.0,75,100.0,608.1013696438691,29.29989993572235,48.53950010146946,49.56979991402477,23.881500004790723,49.56979991402477,11.7,25.34,19.363,5,163
20260920_121830,asyncio,60,60,100.0,60,100.0,1545.8538923718656,10.349349991884083,24.54239991493523,24.78710003197193,8.635099977254868,24.78710003197193,9.1,23.828,17.848,5,148
20260920_121840,asyncio,60,60,100.0,60,100.0,1546.5232885630837,10.67124999826774,25.079299928620458,25.325500057078898,7.926200050860643,25.325500057078898,12.4,24.109,18.141,5,148
20260920_121852,asyncio,60,60,100.0,60,100.0,1520.9780892584672,10.063700028695166,19.859099993482232,20.06240002810955,7.399900001473725,20.06240002810955,9.1,24.41,18.508,5,148
20260920_122627,asyncio,10,10,100.0,10,100.0,1852.2978106126002,2.307699993252754,2.879599924199283,2.879599924199283,1.7067999579012394,2.879599924199283,3.0,20.93,15.23,5,98
20260920_122647,threaded,10,10,100.0,10,100.0,1075.4769716591506,3.8286499329842627,6.244200048968196,6.244200048968196,2.287500072270632,6.244200048968196,5.8,11.148,7.367,14,109
20260920_122939,threaded,50,50,100.0,50,100.0,893.1984732981908,26.478150044567883,31.43530001398176,32.048000022768974,15.34179993905127,32.048000022768974,9.1,12.457,9.586,53,269
20260920_123105,threaded,100,100,100.0,100,100.0,1126.3988468273524,39.12159998435527,57.334500015713274,58.71410004328936,22.229099995456636,59.02440007776022,12.6,14.234,12.629,104,469
20260920_123725,thread_pool,10,10,100.0,10,100.0,1179.4400088786833,3.6566000198945403,5.108599900268018,5.108599900268018,2.4615000002086163,5.108599900268018,3.0,15.672,11.312,7,88
20260920_123851,thread_pool,50,50,100.0,50,100.0,1595.7260105762405,11.440099973697215,15.023899963125587,15.177500084973872,8.040399989113212,15.177500084973872,3.1,15.734,11.441,7,128
20260920_124031,thread_pool,100,100,100.0,100,100.0,1268.343416732893,28.952899971045554,49.680299940519035,51.88170005567372,15.017999918200076,52.6907000457868,9.4,15.816,11.406,6,178
20260920_131133,selector,10,10,100.0,10,100.0,385.7027683225499,3.3497000113129616,18.475100048817694,18.475100048817694,1.8832000205293298,18.475100048817694,0.0,11.359,7.27,4,79
20260920_131201,selector,50,50,100.0,50,100.0,1299.8390799071522,12.616899970453233,14.852500054985285,15.391899971291423,10.040499968454242,15.391899971291423,9.4,11.676,7.391,4,119
20260920_131306,selector,100,100,100.0,100,100.0,1810.266017940501,20.49145003547892,22.69809995777905,22.978499997407198,16.563400044105947,22.993299993686378,6.2,11.43,7.273,4,169
20260920_132417,sequential,10,10,100.0,10,100.0,804.214079411006,4.4364999630488455,7.069599931128323,7.069599931128323,3.571400069631636,7.069599931128323,0.0,10.441,5.719,4,70
20260920_132443,sequential,50,50,100.0,50,100.0,1793.7927657077437,8.566999982576817,19.59450007416308,19.75550001952797,6.0483000706881285,19.75550001952797,0.0,10.484,5.734,4,70
20260920_132506,sequential,100,100,100.0,100,100.0,1790.1352812615387,24.86524998676032,34.670299966819584,39.532699971459806,19.61670001037419,39.59330008365214,3.0,10.492,5.719,4,70
20260920_133017,sequential,10,10,100.0,10,100.0,1603.3606456108657,2.430849999655038,3.687500022351742,3.687500022351742,1.7364000668749213,3.687500022351742,0.0,10.457,5.727,4,70
20260920_133026,sequential,50,50,100.0,50,100.0,891.1893462027892,14.769100002013147,30.697499983944,38.501699920743704,6.477699964307249,38.501699920743704,0.0,10.648,5.816,4,70
20260920_133036,sequential,100,100,100.0,100,100.0,1627.0189267628296,33.311599981971085,41.44790000282228,41.803999920375645,28.249000082723796,41.8534999480471,0.0,10.656,5.895,4,70
20260920_133045,threaded,10,10,100.0,10,100.0,1387.5783896088421,3.0017500394023955,4.353199969045818,4.353199969045818,1.8087000353261828,4.353199969045818,0.0,11.152,7.344,14,109
20260920_133055,threaded,50,50,100.0,50,100.0,1060.2699858476701,20.606399979442358,29.934799997135997,31.11980005633086,6.899400032125413,31.11980005633086,6.0,12.488,9.621,54,269
20260920_133105,threaded,100,100,100.0,100,100.0,894.0209664312845,52.78755002655089,73.19120003376156,76.04299997910857,30.36109998356551,76.34599995799363,9.2,14.051,12.441,104,469
20260920_133115,thread_pool,10,10,100.0,10,100.0,1250.0156205120422,2.4147499934770167,3.396300016902387,3.396300016902387,1.5966000501066446,3.396300016902387,3.0,15.477,11.176,7,88
20260920_133128,thread_pool,50,50,100.0,50,100.0,1683.6944270568079,14.611899969168007,18.933100043796003,19.382799975574017,9.653300046920776,19.382799975574017,0.0,15.668,11.371,6,128
20260920_133138,thread_pool,100,100,100.0,100,100.0,1189.0691257172562,30.6175000150688,46.71820008661598,47.48499998822808,16.670099925249815,47.831199946813285,0.0,15.535,11.039,7,178
20260920_133148,selector,10,10,100.0,10,100.0,180.07732512135905,49.707649974152446,50.762200029566884,50.762200029566884,47.734899912029505,50.762200029566884,0.0,11.434,7.145,3,79
20260920_133158,selector,50,50,100.0,50,100.0,1248.1652001853831,15.44290001038462,16.882299911230803,16.957800020463765,10.038099950179458,16.957800020463765,3.0,11.422,7.27,3,119
20260920_133207,selector,100,100,100.0,100,100.0,1473.6460495478264,24.99469998292625,26.38880000449717,26.686200057156384,18.151600030250847,26.78740001283586,3.0,11.727,7.52,4,169
20260920_133217,asyncio,10,10,100.0,10,100.0,956.0503631577723,3.806399996392429,5.993200000375509,5.993200000375509,1.8133999546989799,5.993200000375509,3.1,20.848,15.121,5,98
20260920_133227,asyncio,50,50,100.0,50,100.0,1086.817125206274,14.179949997924268,35.42169998399913,35.50350002478808,6.507199956104159,35.50350002478808,12.5,23.285,17.363,5,138
20260920_133237,asyncio,100,100,100.0,100,100.0,1554.2551611756148,23.858100059442222,41.878500021994114,42.20640007406473,19.07450007274747,42.29679994750768,18.5,26.762,20.586,5,188
20260920_133634,sequential,10,10,100.0,10,100.0,1816.5304241556823,2.239449939224869,2.8358999406918883,2.8358999406918883,1.5937000280246139,2.8358999406918883,0.0,10.66,5.816,4,70
20260920_133644,sequential,50,50,100.0,50,100.0,1799.5126966307826,8.493700006511062,16.483800020068884,16.597499954514205,6.161700002849102,16.597499954514205,0.0,10.508,5.695,4,70
20260920_133653,sequential,100,100,100.0,100,100.0,1367.110065163328,39.301150070969015,50.52120005711913,50.79510004725307,33.93460006918758,50.80450000241399,0.0,10.59,5.75,3,70
20260920_133702,threaded,10,10,100.0,10,100.0,1461.2405778609173,2.9765000217594206,4.239700036123395,4.239700036123395,1.7856999766081572,4.239700036123395,0.0,11.164,7.355,14,109
20260920_133712,threaded,50,50,100.0,50,100.0,911.5155387438693,26.943150034639984,37.279700045473874,39.09039997961372,12.398199993185699,39.09039997961372,9.2,12.664,9.797,54,269
20260920_133722,threaded,100,100,100.0,100,100.0,1017.8479639204726,36.31570003926754,65.60820003505796,68.98480001837015,15.33770002424717,71.77050004247576,17.8,14.254,12.641,104,469
20260920_133732,thread_pool,10,10,100.0,10,100.0,1692.4196698412813,2.35580001026392,3.280599950812757,3.280599950812757,1.6828000079840422,3.280599950812757,0.0,15.695,11.395,7,88
20260920_133743,thread_pool,50,50,100.0,50,100.0,597.4607909440647,20.057849993463606,24.45549995172769,24.93519999552518,11.29860000219196,24.93519999552518,8.9,15.816,11.535,7,128
20260920_133758,thread_pool,100,100,100.0,100,100.0,1247.6948849577266,39.01799995219335,48.4050998929888,50.59329990763217,16.871399944648147,50.90770008973777,8.5,15.492,11.004,7,178
20260920_133811,selector,10,10,100.0,10,100.0,575.6986135429834,11.834949953481555,13.421599986031651,13.421599986031651,10.516599984839559,13.421599986031651,0.0,11.359,7.312,4,79
20260920_133825,selector,50,50,100.0,50,100.0,28.18280857811158,1749.4105499936268,1758.0614999169484,1758.120600017719,1739.1633000224829,1758.120600017719,2.6,11.625,7.441,4,119
20260920_133841,selector,100,100,100.0,100,100.0,1052.8742937566676,24.834000039845705,55.855800048448145,56.50740000419319,15.70350001566112,56.94259994197637,3.1,11.371,7.32,4,169
20260920_133856,asyncio,10,10,100.0,10,100.0,254.57730039563629,35.3017000015825,36.05739993508905,36.05739993508905,34.55380001105368,36.05739993508905,0.0,19.984,14.781,5,98
20260920_133914,asyncio,50,50,100.0,50,100.0,1731.3618898369698,8.666399982757866,15.202300040982664,15.289000002667308,6.355499965138733,15.289000002667308,9.1,23.68,17.793,5,138
20260920_133925,asyncio,100,100,100.0,100,100.0,1939.883021769262,19.12170002469793,27.466599945910275,27.673700009472668,14.023600029759109,27.754999930039048,12.1,26.988,20.871,5,188
20260920_140211,asyncio,250,250,100.0,250,100.0,1753.4052886210486,48.586249991785735,72.35939998645335,73.34960007574409,31.637600040994585,73.67920002434403,35.0,37.277,31.41,5,338
20260920_140341,asyncio,500,500,100.0,500,100.0,1748.265196058367,109.85639999853447,146.59659995231777,148.41070002876222,72.02809990849346,148.96849996875972,57.2,54.598,48.445,5,588
20260920_140453,asyncio,1000,1000,100.0,1000,100.0,1743.576706755833,231.96710005868226,309.16499998420477,315.8512000227347,165.7501000445336,317.04110000282526,63.0,88.848,83.215,5,1088
20260920_140639,asyncio,2000,2000,100.0,2000,100.0,1762.3168544244827,451.2301000067964,564.4609000300989,590.0366000132635,317.19029997475445,595.88649997022,71.6,157.75,152.297,5,2088
20260920_140705,asyncio,5000,5000,100.0,5000,100.0,1656.3164006767076,1173.4011000371538,1601.849399972707,1626.9628999289125,877.3916999343783,1635.2244999725372,96.0,364.375,359.652,5,5088
20260920_140743,asyncio,10000,9354,93.54,3733,37.330000000000005,198.21125519152022,8950.398899964057,9148.269600002095,9170.164500013925,8675.913200015202,9226.663199951872,92.4,642.98,663.363,5,9442
